-- phpMyAdmin SQL Dump
-- version 5.1.1
-- https://www.phpmyadmin.net/
--
-- Host: 127.0.0.1
-- Gegenereerd op: 05 apr 2023 om 12:59
-- Serverversie: 10.4.21-MariaDB
-- PHP-versie: 8.0.10

SET SQL_MODE = "NO_AUTO_VALUE_ON_ZERO";
START TRANSACTION;
SET time_zone = "+00:00";


/*!40101 SET @OLD_CHARACTER_SET_CLIENT=@@CHARACTER_SET_CLIENT */;
/*!40101 SET @OLD_CHARACTER_SET_RESULTS=@@CHARACTER_SET_RESULTS */;
/*!40101 SET @OLD_COLLATION_CONNECTION=@@COLLATION_CONNECTION */;
/*!40101 SET NAMES utf8mb4 */;

--
-- Database: `sym`
--

-- --------------------------------------------------------

--
-- Tabelstructuur voor tabel `doctrine_migration_versions`
--

CREATE TABLE `doctrine_migration_versions` (
  `version` varchar(191) COLLATE utf8_unicode_ci NOT NULL,
  `executed_at` datetime DEFAULT NULL,
  `execution_time` int(11) DEFAULT NULL
) ENGINE=InnoDB DEFAULT CHARSET=utf8 COLLATE=utf8_unicode_ci;

--
-- Gegevens worden geëxporteerd voor tabel `doctrine_migration_versions`
--

INSERT INTO `doctrine_migration_versions` (`version`, `executed_at`, `execution_time`) VALUES
('DoctrineMigrations\\Version20230404094614', '2023-04-04 11:54:49', 4837);

-- --------------------------------------------------------

--
-- Tabelstructuur voor tabel `genre`
--

CREATE TABLE `genre` (
  `id` int(11) NOT NULL,
  `name` varchar(255) COLLATE utf8mb4_unicode_ci NOT NULL
) ENGINE=InnoDB DEFAULT CHARSET=utf8mb4 COLLATE=utf8mb4_unicode_ci;

--
-- Gegevens worden geëxporteerd voor tabel `genre`
--

INSERT INTO `genre` (`id`, `name`) VALUES
(1, 'komedie'),
(2, 'sciencefiction'),
(3, 'superhero fiction');

-- --------------------------------------------------------

--
-- Tabelstructuur voor tabel `messenger_messages`
--

CREATE TABLE `messenger_messages` (
  `id` bigint(20) NOT NULL,
  `body` longtext COLLATE utf8mb4_unicode_ci NOT NULL,
  `headers` longtext COLLATE utf8mb4_unicode_ci NOT NULL,
  `queue_name` varchar(190) COLLATE utf8mb4_unicode_ci NOT NULL,
  `created_at` datetime NOT NULL,
  `available_at` datetime NOT NULL,
  `delivered_at` datetime DEFAULT NULL
) ENGINE=InnoDB DEFAULT CHARSET=utf8mb4 COLLATE=utf8mb4_unicode_ci;

-- --------------------------------------------------------

--
-- Tabelstructuur voor tabel `movie`
--

CREATE TABLE `movie` (
  `id` int(11) NOT NULL,
  `topactor_id` int(11) DEFAULT NULL,
  `genre_id` int(11) DEFAULT NULL,
  `title` varchar(255) COLLATE utf8mb4_unicode_ci NOT NULL,
  `description` varchar(255) COLLATE utf8mb4_unicode_ci NOT NULL,
  `year` int(11) NOT NULL,
  `budget` decimal(10,2) DEFAULT NULL
) ENGINE=InnoDB DEFAULT CHARSET=utf8mb4 COLLATE=utf8mb4_unicode_ci;

--
-- Gegevens worden geëxporteerd voor tabel `movie`
--

INSERT INTO `movie` (`id`, `topactor_id`, `genre_id`, `title`, `description`, `year`, `budget`) VALUES
(1, 3, 1, 'Nothing Hill', 'Nothing Hill is een Brits-Amerikaanse film uit 1999', 1999, '4200000.00'),
(2, 2, 2, 'Deadpool', 'Deadpool is een Amerikaanse film gebaseerd uit de comic books van DC', 2016, NULL),
(3, 1, 1, 'Red Notice', 'Een FBI-Profiler zit achter de meeste gezochte kunstwerken van de wereld ', 2021, '70000000.00'),
(4, 4, 2, 'Avatars', 'Een ex-marinier landt op een vreemde planeet met bijzonderen wezens', 2009, NULL),
(5, 5, 3, 'Avengers:endgame', 'De overgebleven Avengers gaan alweer vechten tegen thanos', 2019, NULL);

-- --------------------------------------------------------

--
-- Tabelstructuur voor tabel `topactor`
--

CREATE TABLE `topactor` (
  `id` int(11) NOT NULL,
  `fname` varchar(255) COLLATE utf8mb4_unicode_ci NOT NULL,
  `lname` varchar(255) COLLATE utf8mb4_unicode_ci DEFAULT NULL
) ENGINE=InnoDB DEFAULT CHARSET=utf8mb4 COLLATE=utf8mb4_unicode_ci;

--
-- Gegevens worden geëxporteerd voor tabel `topactor`
--

INSERT INTO `topactor` (`id`, `fname`, `lname`) VALUES
(1, 'Dwayne', 'Johnson'),
(2, 'Ryan ', 'Reynolds'),
(3, 'Julia', 'Roberts'),
(4, 'Zoe ', 'Saldana'),
(5, 'Chris', 'Hemsworth');

--
-- Indexen voor geëxporteerde tabellen
--

--
-- Indexen voor tabel `doctrine_migration_versions`
--
ALTER TABLE `doctrine_migration_versions`
  ADD PRIMARY KEY (`version`);

--
-- Indexen voor tabel `genre`
--
ALTER TABLE `genre`
  ADD PRIMARY KEY (`id`);

--
-- Indexen voor tabel `messenger_messages`
--
ALTER TABLE `messenger_messages`
  ADD PRIMARY KEY (`id`),
  ADD KEY `IDX_75EA56E0FB7336F0` (`queue_name`),
  ADD KEY `IDX_75EA56E0E3BD61CE` (`available_at`),
  ADD KEY `IDX_75EA56E016BA31DB` (`delivered_at`);

--
-- Indexen voor tabel `movie`
--
ALTER TABLE `movie`
  ADD PRIMARY KEY (`id`),
  ADD KEY `IDX_1D5EF26F80CB2196` (`topactor_id`),
  ADD KEY `IDX_1D5EF26F4296D31F` (`genre_id`);

--
-- Indexen voor tabel `topactor`
--
ALTER TABLE `topactor`
  ADD PRIMARY KEY (`id`);

--
-- AUTO_INCREMENT voor geëxporteerde tabellen
--

--
-- AUTO_INCREMENT voor een tabel `genre`
--
ALTER TABLE `genre`
  MODIFY `id` int(11) NOT NULL AUTO_INCREMENT, AUTO_INCREMENT=4;

--
-- AUTO_INCREMENT voor een tabel `messenger_messages`
--
ALTER TABLE `messenger_messages`
  MODIFY `id` bigint(20) NOT NULL AUTO_INCREMENT;

--
-- AUTO_INCREMENT voor een tabel `movie`
--
ALTER TABLE `movie`
  MODIFY `id` int(11) NOT NULL AUTO_INCREMENT, AUTO_INCREMENT=6;

--
-- AUTO_INCREMENT voor een tabel `topactor`
--
ALTER TABLE `topactor`
  MODIFY `id` int(11) NOT NULL AUTO_INCREMENT, AUTO_INCREMENT=6;

--
-- Beperkingen voor geëxporteerde tabellen
--

--
-- Beperkingen voor tabel `movie`
--
ALTER TABLE `movie`
  ADD CONSTRAINT `FK_1D5EF26F4296D31F` FOREIGN KEY (`genre_id`) REFERENCES `genre` (`id`),
  ADD CONSTRAINT `FK_1D5EF26F80CB2196` FOREIGN KEY (`topactor_id`) REFERENCES `topactor` (`id`);
COMMIT;

/*!40101 SET CHARACTER_SET_CLIENT=@OLD_CHARACTER_SET_CLIENT */;
/*!40101 SET CHARACTER_SET_RESULTS=@OLD_CHARACTER_SET_RESULTS */;
/*!40101 SET COLLATION_CONNECTION=@OLD_COLLATION_CONNECTION */;
